<?xml version="1.0" encoding="UTF-8"?>
<project-private xmlns="http://www.netbeans.org/ns/project-private/1">
    <editor-bookmarks xmlns="http://www.netbeans.org/ns/editor-bookmarks/2" lastBookmarkId="0"/>
    <open-files xmlns="http://www.netbeans.org/ns/projectui-open-files/2">
        <group>
            <file>file:/C:/Users/Sava/Downloads/BackGammon%20(4)/BackGammon/src/backgammon/Board.java</file>
            <file>file:/C:/Users/Sava/Downloads/BackGammon%20(4)/BackGammon/src/backgammon/field3MouseClicked.java</file>
            <file>file:/C:/Users/Sava/Downloads/BackGammon%20(4)/BackGammon/src/backgammon/Stone.java</file>
            <file>file:/C:/Users/Sava/Downloads/BackGammon%20(4)/BackGammon/nbproject/build-impl.xml</file>
            <file>file:/C:/Users/Sava/Downloads/BackGammon%20(4)/BackGammon/src/backgammon/BackGammon.java</file>
        </group>
    </open-files>
</project-private>
