<?xml version="1.0" encoding="UTF-8"?>
<project-private xmlns="http://www.netbeans.org/ns/project-private/1">
    <editor-bookmarks xmlns="http://www.netbeans.org/ns/editor-bookmarks/2" lastBookmarkId="0"/>
    <open-files xmlns="http://www.netbeans.org/ns/projectui-open-files/2">
        <group>
            <file>file:/C:/Users/Admin/OneDrive%20-%20National%20High%20School%20of%20Mathematics%20and%20Science/BackGammon%20(1)/src/backgammon/design.java</file>
            <file>file:/C:/Users/Admin/OneDrive%20-%20National%20High%20School%20of%20Mathematics%20and%20Science/BackGammon%20(1)/src/backgammon/Board.java</file>
            <file>file:/C:/Users/Admin/OneDrive%20-%20National%20High%20School%20of%20Mathematics%20and%20Science/BackGammon%20(1)/src/backgammon/Stone.java</file>
        </group>
    </open-files>
</project-private>
